Location,X,Y,Z
Nasion,10.7947445431308,13.6303917226261,-0.00342583030043009
Inion,0,0,0
Ar,9.46568810310325,2.52350379564481,0.942908971288209
Al,-0.0360365245558252,10.9978963461547,0.942908971288209
Cz,4.14550681917449,5.58390043366966,13.3507388993659
Example Pt 1,,,
Example Pt 2,,,
Example Pt 3,,,
Example Pt 4,,,
